{
	"groups":[{
			"keys":"part-c-3_png,shengbang-1_png,shengbang-2_png,shengbang-3_png,shengbang-quan_png,wx-code_png,zn-title-1_png,zn-title-2_png,zn-title-3_png,zn-title-4_png,zn-title-5_png,zn-title-6_png,zn-title-7_png,zn-title-8_png,zn-title-9_png,zn-title-10_png,zn-title-11_png,zn-title-12_png,zp-1_png,zp-2_png,zp-3_png,zp-4_png,zp-5_png,banner_png,bg_png,cake-1_png,cake-2_png,cake-3_png,icon-50_png,img-1_png,img-2_png,img-3_png,img-4_png,man-zeng_png,man-zeng-2_png,man-zeng-3_png,man-zeng-4_png,mcake-1_png,part-a-1_png,part-a-2_png,part-a-3_png,part-a-4_png,part-b-1_png,part-b-2_png,part-b-3_png,part-b-4_png,part-c-1_png,part-c-2_png",
			"name":"preload"
		}],
	"resources":[
		{
			"name":"part-c-3_png",
			"type":"image",
			"url":"part-c-3.png"
		},
		{
			"name":"shengbang-1_png",
			"type":"image",
			"url":"shengbang-1.png"
		},
		{
			"name":"shengbang-2_png",
			"type":"image",
			"url":"shengbang-2.png"
		},
		{
			"name":"shengbang-3_png",
			"type":"image",
			"url":"shengbang-3.png"
		},
		{
			"name":"shengbang-quan_png",
			"type":"image",
			"url":"shengbang-quan.png"
		},
		{
			"name":"wx-code_png",
			"type":"image",
			"url":"wx-code.png"
		},
		{
			"name":"zn-title-1_png",
			"type":"image",
			"url":"zn-title-1.png"
		},
		{
			"name":"zn-title-2_png",
			"type":"image",
			"url":"zn-title-2.png"
		},
		{
			"name":"zn-title-3_png",
			"type":"image",
			"url":"zn-title-3.png"
		},
		{
			"name":"zn-title-4_png",
			"type":"image",
			"url":"zn-title-4.png"
		},
		{
			"name":"zn-title-5_png",
			"type":"image",
			"url":"zn-title-5.png"
		},
		{
			"name":"zn-title-6_png",
			"type":"image",
			"url":"zn-title-6.png"
		},
		{
			"name":"zn-title-7_png",
			"type":"image",
			"url":"zn-title-7.png"
		},
		{
			"name":"zn-title-8_png",
			"type":"image",
			"url":"zn-title-8.png"
		},
		{
			"name":"zn-title-9_png",
			"type":"image",
			"url":"zn-title-9.png"
		},
		{
			"name":"zn-title-10_png",
			"type":"image",
			"url":"zn-title-10.png"
		},
		{
			"name":"zn-title-11_png",
			"type":"image",
			"url":"zn-title-11.png"
		},
		{
			"name":"zn-title-12_png",
			"type":"image",
			"url":"zn-title-12.png"
		},
		{
			"name":"zp-1_png",
			"type":"image",
			"url":"zp-1.png"
		},
		{
			"name":"zp-2_png",
			"type":"image",
			"url":"zp-2.png"
		},
		{
			"name":"zp-3_png",
			"type":"image",
			"url":"zp-3.png"
		},
		{
			"name":"zp-4_png",
			"type":"image",
			"url":"zp-4.png"
		},
		{
			"name":"zp-5_png",
			"type":"image",
			"url":"zp-5.png"
		},
		{
			"name":"banner_png",
			"type":"image",
			"url":"banner.png"
		},
		{
			"name":"bg_png",
			"type":"image",
			"url":"bg.png"
		},
		{
			"name":"cake-1_png",
			"type":"image",
			"url":"cake-1.png"
		},
		{
			"name":"cake-2_png",
			"type":"image",
			"url":"cake-2.png"
		},
		{
			"name":"cake-3_png",
			"type":"image",
			"url":"cake-3.png"
		},
		{
			"name":"icon-50_png",
			"type":"image",
			"url":"icon-50.png"
		},
		{
			"name":"img-1_png",
			"type":"image",
			"url":"img-1.png"
		},
		{
			"name":"img-2_png",
			"type":"image",
			"url":"img-2.png"
		},
		{
			"name":"img-3_png",
			"type":"image",
			"url":"img-3.png"
		},
		{
			"name":"img-4_png",
			"type":"image",
			"url":"img-4.png"
		},
		{
			"name":"man-zeng_png",
			"type":"image",
			"url":"man-zeng.png"
		},
		{
			"name":"man-zeng-2_png",
			"type":"image",
			"url":"man-zeng-2.png"
		},
		{
			"name":"man-zeng-3_png",
			"type":"image",
			"url":"man-zeng-3.png"
		},
		{
			"name":"man-zeng-4_png",
			"type":"image",
			"url":"man-zeng-4.png"
		},
		{
			"name":"mcake-1_png",
			"type":"image",
			"url":"mcake-1.png"
		},
		{
			"name":"part-a-1_png",
			"type":"image",
			"url":"part-a-1.png"
		},
		{
			"name":"part-a-2_png",
			"type":"image",
			"url":"part-a-2.png"
		},
		{
			"name":"part-a-3_png",
			"type":"image",
			"url":"part-a-3.png"
		},
		{
			"name":"part-a-4_png",
			"type":"image",
			"url":"part-a-4.png"
		},
		{
			"name":"part-b-1_png",
			"type":"image",
			"url":"part-b-1.png"
		},
		{
			"name":"part-b-2_png",
			"type":"image",
			"url":"part-b-2.png"
		},
		{
			"name":"part-b-3_png",
			"type":"image",
			"url":"part-b-3.png"
		},
		{
			"name":"part-b-4_png",
			"type":"image",
			"url":"part-b-4.png"
		},
		{
			"name":"part-c-1_png",
			"type":"image",
			"url":"part-c-1.png"
		},
		{
			"name":"part-c-2_png",
			"type":"image",
			"url":"part-c-2.png"
		}
	]
}