{
	"groups":[{
			"keys":"zengping_png,bg_jpg,cake_png,shengyu_png,title_png,women_png",
			"name":"preload"
		}],
	"resources":[
		{
			"name":"zengping_png",
			"type":"image",
			"url":"zengping.png"
		},
		{
			"name":"bg_jpg",
			"type":"image",
			"url":"bg.jpg"
		},
		{
			"name":"cake_png",
			"type":"image",
			"url":"cake.png"
		},
		{
			"name":"shengyu_png",
			"type":"image",
			"url":"shengyu.png"
		},
		{
			"name":"title_png",
			"type":"image",
			"url":"title.png"
		},
		{
			"name":"women_png",
			"type":"image",
			"url":"women.png"
		}
	]
}