{
	"groups":[{
			"keys":"part2_cake_4_png,s-title-1_png,s-title-2_png,zeng_1_png,zeng_2_png,banner_png,foot_bg_png,part1_bg_png,part1_cake_1_png,part1_cake_2_png,part1_cake_3_png,part1_cake_4_png,part2_bg_png,part2_cake_1_png,part2_cake_2_png,part2_cake_3_png",
			"name":"preload"
		}],
	"resources":[
		{
			"name":"part2_cake_4_png",
			"type":"image",
			"url":"part2_cake_4.png"
		},
		{
			"name":"s-title-1_png",
			"type":"image",
			"url":"s-title-1.png"
		},
		{
			"name":"s-title-2_png",
			"type":"image",
			"url":"s-title-2.png"
		},
		{
			"name":"zeng_1_png",
			"type":"image",
			"url":"zeng_1.png"
		},
		{
			"name":"zeng_2_png",
			"type":"image",
			"url":"zeng_2.png"
		},
		{
			"name":"banner_png",
			"type":"image",
			"url":"banner.png"
		},
		{
			"name":"foot_bg_png",
			"type":"image",
			"url":"foot_bg.png"
		},
		{
			"name":"part1_bg_png",
			"type":"image",
			"url":"part1_bg.png"
		},
		{
			"name":"part1_cake_1_png",
			"type":"image",
			"url":"part1_cake_1.png"
		},
		{
			"name":"part1_cake_2_png",
			"type":"image",
			"url":"part1_cake_2.png"
		},
		{
			"name":"part1_cake_3_png",
			"type":"image",
			"url":"part1_cake_3.png"
		},
		{
			"name":"part1_cake_4_png",
			"type":"image",
			"url":"part1_cake_4.png"
		},
		{
			"name":"part2_bg_png",
			"type":"image",
			"url":"part2_bg.png"
		},
		{
			"name":"part2_cake_1_png",
			"type":"image",
			"url":"part2_cake_1.png"
		},
		{
			"name":"part2_cake_2_png",
			"type":"image",
			"url":"part2_cake_2.png"
		},
		{
			"name":"part2_cake_3_png",
			"type":"image",
			"url":"part2_cake_3.png"
		}
	]
}